<?xml version="1.0" encoding="UTF-8"?>
<!--
  ~ ACS AEM Commons
  ~
  ~ Copyright (C) 2013 - 2023 Adobe
  ~
  ~ Licensed under the Apache License, Version 2.0 (the "License");
  ~ you may not use this file except in compliance with the License.
  ~ You may obtain a copy of the License at
  ~
  ~      http://www.apache.org/licenses/LICENSE-2.0
  ~
  ~ Unless required by applicable law or agreed to in writing, software
  ~ distributed under the License is distributed on an "AS IS" BASIS,
  ~ WITHOUT WARRANTIES OR CONDITIONS OF ANY KIND, either express or implied.
  ~ See the License for the specific language governing permissions and
  ~ limitations under the License.
  -->

<jcr:root xmlns:sling="http://sling.apache.org/jcr/sling/1.0" xmlns:cq="http://www.day.com/jcr/cq/1.0"
          xmlns:jcr="http://www.jcp.org/jcr/1.0" xmlns:nt="http://www.jcp.org/jcr/nt/1.0"
          xmlns:granite="http://www.adobe.com/jcr/granite/1.0"
          jcr:primaryType="nt:unstructured"
          jcr:title="Dispatcher Flush"
          sling:resourceType="cq/gui/components/authoring/dialog"
          extraClientlibs="[]"
          helpPath="https://adobe-consulting-services.github.io/acs-aem-commons/features/dispatcher-flush-ui/index.html">
    <content
            jcr:primaryType="nt:unstructured"
            sling:resourceType="granite/ui/components/coral/foundation/container">
        <items jcr:primaryType="nt:unstructured">
            <tabs
                    jcr:primaryType="nt:unstructured"
                    sling:resourceType="granite/ui/components/coral/foundation/tabs"
                    maxmized="{Boolean}true">
                <items jcr:primaryType="nt:unstructured">
                    <general
                            jcr:primaryType="nt:unstructured"
                            jcr:title="Configuration"
                            sling:resourceType="granite/ui/components/coral/foundation/fixedcolumns"
                            margin="{Boolean}true">
                        <items jcr:primaryType="nt:unstructured">
                            <column
                                    jcr:primaryType="nt:unstructured"
                                    sling:resourceType="granite/ui/components/coral/foundation/container">
                                <items jcr:primaryType="nt:unstructured">


                                    <replication-action-type
                                            jcr:primaryType="nt:unstructured"
                                            sling:resourceType="granite/ui/components/coral/foundation/form/select"
                                            fieldLabel="Flush method"
                                            fieldDescription="Dispatcher flush method. This effects how cached files are effected (invalidate or delete)."
                                            name="./replicationActionType">
                                        <items jcr:primaryType="nt:unstructured">
                                            <activate
                                                    jcr:primaryType="nt:unstructured"
                                                    text="Invalidate Cache"
                                                    value="ACTIVATE"/>
                                            <delete
                                                    jcr:primaryType="nt:unstructured"
                                                    text="Delete Cache"
                                                    value="DELETE"/>                                        
                                        </items>
                                    </replication-action-type>

                                    <paths
                                        jcr:primaryType="nt:unstructured"
                                        sling:resourceType="granite/ui/components/coral/foundation/form/multifield"
                                        fieldLabel="Paths to flush"
                                        fieldDescription="Click the '+' to add a new paths to flush"
                                        composite="{Boolean}false">
                                    
                                        <field
                                                jcr:primaryType="nt:unstructured"
                                                sling:resourceType="granite/ui/components/coral/foundation/form/pathfield"
                                                multiple="{Boolean}false"
                                                rootPath="/"
                                                filter="hierarchy"
                                                name="./paths"/>
                                    </paths>
                                </items>
                            </column>
                        </items>
                    </general>
                </items>
            </tabs>
        </items>
    </content>
</jcr:root>