<?xml version="1.0" encoding="UTF-8"?>
<!--
  ~ ACS AEM Commons
  ~
  ~ Copyright (C) 2013 - 2023 Adobe
  ~
  ~ Licensed under the Apache License, Version 2.0 (the "License");
  ~ you may not use this file except in compliance with the License.
  ~ You may obtain a copy of the License at
  ~
  ~      http://www.apache.org/licenses/LICENSE-2.0
  ~
  ~ Unless required by applicable law or agreed to in writing, software
  ~ distributed under the License is distributed on an "AS IS" BASIS,
  ~ WITHOUT WARRANTIES OR CONDITIONS OF ANY KIND, either express or implied.
  ~ See the License for the specific language governing permissions and
  ~ limitations under the License.
  -->

<jcr:root xmlns:sling="http://sling.apache.org/jcr/sling/1.0" xmlns:cq="http://www.day.com/jcr/cq/1.0" xmlns:jcr="http://www.jcp.org/jcr/1.0" xmlns:nt="http://www.jcp.org/jcr/nt/1.0"
	jcr:primaryType="nt:unstructured"
	jcr:title="Report Editor Column"
	sling:resourceType="cq/gui/components/authoring/dialog"
	helpPath="https://adobe-consulting-services.github.io/acs-aem-commons/features/reports">
	<content
		jcr:primaryType="nt:unstructured"
		sling:resourceType="granite/ui/components/foundation/container">
		<layout
			jcr:primaryType="nt:unstructured"
			sling:resourceType="granite/ui/components/foundation/layouts/fixedcolumns"/>
		<items jcr:primaryType="nt:unstructured">
			<column
				jcr:primaryType="nt:unstructured"
				sling:resourceType="granite/ui/components/foundation/container">
				<items jcr:primaryType="nt:unstructured">
					<heading
						jcr:primaryType="nt:unstructured"
						sling:resourceType="granite/ui/components/coral/foundation/form/textfield"
						fieldLabel="Heading"
						name="./heading"
						required="{Boolean}true"/>
					<editor
						jcr:primaryType="nt:unstructured"
						sling:resourceType="granite/ui/components/foundation/form/select"
						fieldLabel="Editor"
						name="./editor"
						required="{Boolean}true">
						<items
							jcr:primaryType="nt:unstructured">
							<crxde
								jcr:primaryType="nt:unstructured"
								text="CRX DE" 
								value="/crx/de/index.jsp#"/>
							<assets
								jcr:primaryType="nt:unstructured"
								text="Assets" 
								value="/assets.html"/>
							<experience-fragments
								jcr:primaryType="nt:unstructured"
								text="Experience Fragments" 
								value="/aem/experience-fragments.html"/>
							<sites
								jcr:primaryType="nt:unstructured"
								text="Sites" 
								value="/sites.html"/>
							<tags
								jcr:primaryType="nt:unstructured"
								text="Tags" 
								value="/libs/cq/tagging/gui/content/tags.html"/>
							<custom
								jcr:primaryType="nt:unstructured"
								text="Custom" 
								value="custom"/>
						</items>
					</editor>
					<useResourceType
						jcr:primaryType="nt:unstructured"
						sling:resourceType="granite/ui/components/coral/foundation/form/checkbox"
						deleteHint="{Boolean}true"
						fieldDescription="If true, the path of the result will be used as a resource type, removing the first URL segment."
						name="./useResourceType"
						text="Use as Resource Type?"
						value="{Boolean}true" />
					<customEditor
						jcr:primaryType="nt:unstructured"
						sling:resourceType="granite/ui/components/coral/foundation/form/textfield"
						fieldDescription="Only used if the editor is set to custom. The resource path will be appended to this value."
						fieldLabel="Custom Editor"
						name="./customEditor"/>
					<appendHtmlExtension
							jcr:primaryType="nt:unstructured"
							sling:resourceType="granite/ui/components/coral/foundation/form/checkbox"
							deleteHint="{Boolean}true"
							fieldDescription="If true, the path of the result will be appended with an html extension."
							name="./appendHtmlExtension"
							text="Append HTML Extension"
							value="{Boolean}true" />
				</items>
			</column>
		</items>
	</content>
</jcr:root>
