<?xml version="1.0" encoding="UTF-8"?>
<!--
  ~ ACS AEM Commons
  ~
  ~ Copyright (C) 2013 - 2023 Adobe
  ~
  ~ Licensed under the Apache License, Version 2.0 (the "License");
  ~ you may not use this file except in compliance with the License.
  ~ You may obtain a copy of the License at
  ~
  ~      http://www.apache.org/licenses/LICENSE-2.0
  ~
  ~ Unless required by applicable law or agreed to in writing, software
  ~ distributed under the License is distributed on an "AS IS" BASIS,
  ~ WITHOUT WARRANTIES OR CONDITIONS OF ANY KIND, either express or implied.
  ~ See the License for the specific language governing permissions and
  ~ limitations under the License.
  -->

<jcr:root xmlns:sling="http://sling.apache.org/jcr/sling/1.0" xmlns:granite="http://www.adobe.com/jcr/granite/1.0" xmlns:cq="http://www.day.com/jcr/cq/1.0" xmlns:jcr="http://www.jcp.org/jcr/1.0" xmlns:nt="http://www.jcp.org/jcr/nt/1.0"
    jcr:primaryType="cq:Page">
    <jcr:content jcr:primaryType="nt:unstructured">
        <content jcr:primaryType="nt:unstructured">
            <items jcr:primaryType="nt:unstructured">
                <col1 jcr:primaryType="nt:unstructured">
                    <items jcr:primaryType="nt:unstructured">
                        <copypublishurl
                            granite:class="foundation-toggleable-control"
                            granite:id="asset-publishurl-button"
                            granite:rel="acs-aem-commons__dam-copy-published-url__button"
                            jcr:primaryType="nt:unstructured"
                            sling:resourceType="granite/ui/components/coral/foundation/button"
                            text="Copy Publish URL"
                            title="Copy Publish URL">
                            <granite:data
                                jcr:primaryType="nt:unstructured"
                                foundation-toggleable-control-target="#aem-assets-show-publish-url"/>
                            <granite:rendercondition
                                jcr:primaryType="nt:unstructured"
                                sling:resourceType="granite/ui/components/coral/foundation/renderconditions/and">
                                <condition1
                                    jcr:primaryType="nt:unstructured"
                                    sling:resourceType="granite/ui/components/coral/foundation/renderconditions/simple"
                                    expression="${empty paramValues['item'][1] ? 'true' : 'false'}"/>
                                <condition2
                                    jcr:primaryType="nt:unstructured"
                                    sling:resourceType="acs-commons/renderconditons/ispublished"
                                    resourcePath="${paramValues['item'][0]}"/>
                                <condition3
                                    jcr:primaryType="nt:unstructured"
                                    sling:resourceType="granite/ui/components/foundation/renderconditions/feature"
                                    feature="com.adobe.acs.commons.dam.impl.copyassetpublishurlfeature.feature.flag"/>
                            </granite:rendercondition>
                        </copypublishurl>
                    </items>
                </col1>
                <dialogpublishurl
                    granite:id="aem-assets-show-publish-url"
                    jcr:primaryType="nt:unstructured"
                    jcr:title="Publish URL"
                    sling:resourceType="granite/ui/components/coral/foundation/dialog"
                    closable="{Boolean}true">
                    <granite:data
                        jcr:primaryType="nt:unstructured"
                        assetpath="${empty requestPathInfo.suffix ? paramValues[&quot;item&quot;][0] : requestPathInfo.suffix}"/>
                    <items jcr:primaryType="nt:unstructured">
                        <textarea
                            granite:rel="acs-aem-commons__dam-copy-published-url__text"
                            jcr:primaryType="nt:unstructured"
                            sling:resourceType="granite/ui/components/coral/foundation/form/textarea"/>
                    </items>
                    <footer jcr:primaryType="nt:unstructured">
                        <dismiss
                            granite:rel="foundation-toggleable"
                            jcr:primaryType="nt:unstructured"
                            sling:resourceType="granite/ui/components/coral/foundation/button"
                            text="Dismiss"
                            variant="minimal">
                            <parentConfig
                                jcr:primaryType="nt:unstructured"
                                close="{Boolean}true"/>
                        </dismiss>
                        <copy
                                granite:id="asset-publishurl-copy-cmd"
                                jcr:primaryType="nt:unstructured"
                                sling:resourceType="granite/ui/components/coral/foundation/button"
                                icon="attach"
                                iconSize="XS"
                                text="Copy"
                                variant="primary">
                            <granite:rendercondition
                                    jcr:primaryType="nt:unstructured"
                                    sling:resourceType="granite/ui/components/coral/foundation/renderconditions/simple"
                                    expression="${!granite:containsIgnoreCase(header[&quot;User-Agent&quot;], &quot;iPad&quot;) &amp;&amp; !granite:containsIgnoreCase(header[&quot;User-Agent&quot;], &quot;iPhone&quot;)}"/>
                        </copy>
                    </footer>
                </dialogpublishurl>
            </items>
        </content>
    </jcr:content>
</jcr:root>
