<?xml version="1.0" encoding="UTF-8"?>
<!--
  ~ ACS AEM Commons
  ~
  ~ Copyright (C) 2013 - 2023 Adobe
  ~
  ~ Licensed under the Apache License, Version 2.0 (the "License");
  ~ you may not use this file except in compliance with the License.
  ~ You may obtain a copy of the License at
  ~
  ~      http://www.apache.org/licenses/LICENSE-2.0
  ~
  ~ Unless required by applicable law or agreed to in writing, software
  ~ distributed under the License is distributed on an "AS IS" BASIS,
  ~ WITHOUT WARRANTIES OR CONDITIONS OF ANY KIND, either express or implied.
  ~ See the License for the specific language governing permissions and
  ~ limitations under the License.
  -->

<jcr:root xmlns:sling="http://sling.apache.org/jcr/sling/1.0" xmlns:granite="http://www.adobe.com/jcr/granite/1.0" xmlns:jcr="http://www.jcp.org/jcr/1.0" xmlns:nt="http://www.jcp.org/jcr/nt/1.0"
    granite:id="acs-commons-instant-package"
    jcr:description="Options will be applied to all the selected path"
    jcr:primaryType="nt:unstructured"
    jcr:title="Instant Package Options"
    sling:resourceType="granite/ui/components/coral/foundation/dialog">
    <footer jcr:primaryType="nt:unstructured">
        <apply
            granite:id="acs-commons-instant-package-create"
            jcr:primaryType="nt:unstructured"
            sling:resourceType="granite/ui/components/coral/foundation/button"
            text="Create Package"
            variant="primary">
            <parentConfig
                jcr:primaryType="nt:unstructured"
                close="{Boolean}false"/>
        </apply>
    </footer>
    <items jcr:primaryType="nt:unstructured">
        <options
            jcr:primaryType="nt:unstructured"
            sling:resourceType="granite/ui/components/foundation/form/radiogroup"
            id="acs-commons-instant-package-optiontype"
            vertical="true">
            <items jcr:primaryType="nt:unstructured">
                <selectedOnly
                    jcr:primaryType="nt:unstructured"
                    sling:resourceType="granite/ui/components/foundation/form/radio"
                    checked="true"
                    name="instantPackageOption"
                    text="Include only selected paths"
                    value="selectedResource"/>
                <immediate
                    jcr:primaryType="nt:unstructured"
                    sling:resourceType="granite/ui/components/foundation/form/radio"
                    name="instantPackageOption"
                    text="Include selected + immediate children"
                    value="immediateChildren"/>
                <allchildren
                    jcr:primaryType="nt:unstructured"
                    sling:resourceType="granite/ui/components/foundation/form/radio"
                    name="instantPackageOption"
                    text="Include selected + all children"
                    value="allChildren"/>
            </items>
        </options>
    </items>
</jcr:root>
