<?xml version="1.0" encoding="UTF-8"?>
<!--
  ~ ACS AEM Commons
  ~
  ~ Copyright (C) 2013 - 2023 Adobe
  ~
  ~ Licensed under the Apache License, Version 2.0 (the "License");
  ~ you may not use this file except in compliance with the License.
  ~ You may obtain a copy of the License at
  ~
  ~      http://www.apache.org/licenses/LICENSE-2.0
  ~
  ~ Unless required by applicable law or agreed to in writing, software
  ~ distributed under the License is distributed on an "AS IS" BASIS,
  ~ WITHOUT WARRANTIES OR CONDITIONS OF ANY KIND, either express or implied.
  ~ See the License for the specific language governing permissions and
  ~ limitations under the License.
  -->

<jcr:root xmlns:sling="http://sling.apache.org/jcr/sling/1.0" xmlns:cq="http://www.day.com/jcr/cq/1.0"
          xmlns:jcr="http://www.jcp.org/jcr/1.0" xmlns:nt="http://www.jcp.org/jcr/nt/1.0"
          xmlns:granite="http://www.adobe.com/jcr/granite/1.0"
          jcr:primaryType="nt:unstructured"
          jcr:title="Named Transform Image"
          sling:resourceType="cq/gui/components/authoring/dialog"
          extraClientlibs="[]"
          helpPath="https://adobe-consulting-services.github.io/acs-aem-commons/features/named-image-transform/index.html">
    <content
            jcr:primaryType="nt:unstructured"
            sling:resourceType="granite/ui/components/coral/foundation/container">
        <items jcr:primaryType="nt:unstructured">
            <column jcr:primaryType="nt:unstructured" sling:hideResource="true"/>

            <tabs
                    jcr:primaryType="nt:unstructured"
                    sling:resourceType="granite/ui/components/coral/foundation/tabs"
                    maxmized="{Boolean}true">
                <items jcr:primaryType="nt:unstructured">
                    <image
                            jcr:primaryType="nt:unstructured"
                            jcr:title="Image"
                            sling:resourceType="granite/ui/components/coral/foundation/fixedcolumns"
                            margin="{Boolean}true">
                        <items jcr:primaryType="nt:unstructured">
                            <column
                                    jcr:primaryType="nt:unstructured"
                                    sling:resourceType="granite/ui/components/coral/foundation/container">
                                <items jcr:primaryType="nt:unstructured">

                                    <file
                                            jcr:primaryType="nt:unstructured"
                                            sling:resourceType="granite/ui/components/foundation/form/fileupload"
                                            autoStart="{Boolean}false"
                                            class="cq-droptarget"
                                            fieldLabel="Image asset"
                                            fileNameParameter="./fileName"
                                            mimeTypes="[image]"
                                            multiple="{Boolean}false"
                                            name="./file"
                                            title="Upload Image Asset"
                                            uploadUrl="${suffix.path}"
                                            useHTML5="{Boolean}true"/>
                                    <alt
                                            jcr:primaryType="nt:unstructured"
                                            sling:resourceType="granite/ui/components/foundation/form/textfield"
                                            fieldDescription="(leave empty to use the title defined above)"
                                            fieldLabel="Alt Text"
                                            name="./alt"/>
                                    <link-url
                                            jcr:primaryType="nt:unstructured"
                                            sling:resourceType="granite/ui/components/foundation/form/pathbrowser"
                                            fieldLabel="Link to"
                                            name="./linkURL"
                                            rootPath="/content"/>
                                </items>
                            </column>
                        </items>
                    </image>
                    <transform
                            jcr:primaryType="nt:unstructured"
                            jcr:title="Transform"
                            sling:resourceType="granite/ui/components/coral/foundation/fixedcolumns"
                            margin="{Boolean}true">
                        <items jcr:primaryType="nt:unstructured">
                            <column
                                    jcr:primaryType="nt:unstructured"
                                    sling:resourceType="granite/ui/components/coral/foundation/container">
                                <items jcr:primaryType="nt:unstructured">
                                    <transform
                                            jcr:primaryType="nt:unstructured"
                                            sling:resourceType="granite/ui/components/foundation/form/select"
                                            fieldLabel="Transformation Name"
                                            name="./transform">
                                        <datasource
                                                jcr:primaryType="nt:unstructured"
                                                sling:resourceType="acs-commons/datasources/named-image-transforms"/>
                                    </transform>
                                </items>
                            </column>
                        </items>
                    </transform>
                </items>
            </tabs>
        </items>
    </content>
</jcr:root>