<?xml version="1.0" encoding="UTF-8"?>
<!--
  ~ ACS AEM Commons
  ~
  ~ Copyright (C) 2013 - 2023 Adobe
  ~
  ~ Licensed under the Apache License, Version 2.0 (the "License");
  ~ you may not use this file except in compliance with the License.
  ~ You may obtain a copy of the License at
  ~
  ~      http://www.apache.org/licenses/LICENSE-2.0
  ~
  ~ Unless required by applicable law or agreed to in writing, software
  ~ distributed under the License is distributed on an "AS IS" BASIS,
  ~ WITHOUT WARRANTIES OR CONDITIONS OF ANY KIND, either express or implied.
  ~ See the License for the specific language governing permissions and
  ~ limitations under the License.
  -->

<jcr:root xmlns:sling="http://sling.apache.org/jcr/sling/1.0" xmlns:cq="http://www.day.com/jcr/cq/1.0" xmlns:jcr="http://www.jcp.org/jcr/1.0" xmlns:nt="http://www.jcp.org/jcr/nt/1.0"
    jcr:primaryType="nt:unstructured"
    jcr:title="Report Builder Config"
    sling:resourceType="cq/gui/components/authoring/dialog"
    helpPath="https://adobe-consulting-services.github.io/acs-aem-commons/features/reports">
    <content
        jcr:primaryType="nt:unstructured"
        sling:resourceType="granite/ui/components/foundation/container">
        <layout
            jcr:primaryType="nt:unstructured"
            sling:resourceType="granite/ui/components/foundation/layouts/fixedcolumns"/>
        <items jcr:primaryType="nt:unstructured">
            <column
                jcr:primaryType="nt:unstructured"
                sling:resourceType="granite/ui/components/foundation/container">
                <items jcr:primaryType="nt:unstructured">
                    <query
                        jcr:primaryType="nt:unstructured"
                        sling:resourceType="granite/ui/components/coral/foundation/form/textarea"
                        fieldLabel="Query"
                        fieldDescription="This is templated with the URL parameters passed in the hash or the form values using Handlebars"
                        name="./query"
                        required="{Boolean}true"/>
                    <queryLanguage
                        jcr:primaryType="nt:unstructured"
                        sling:resourceType="granite/ui/components/foundation/form/select"
                        fieldLabel="Query Language"
                        name="./queryLanguage"
                        required="{Boolean}true">
                        <items
                            jcr:primaryType="nt:unstructured">
                            <jcr-sql2
                                jcr:primaryType="nt:unstructured"
                                text="JCR SQL2"
                                value="JCR-SQL2"/>
                            <jcr-dqom
                                jcr:primaryType="nt:unstructured"
                                text="JCR-JQOM"
                                value="JCR-JQOM"/>
                            <queryBuilder
                                jcr:primaryType="nt:unstructured"
                                text="Query Builder" 
                                value="queryBuilder"/>
                            <sql
                                jcr:primaryType="nt:unstructured"
                                text="JCR SQL (Deprecated)"
                                value="sql"/>
                            <xpath
                                jcr:primaryType="nt:unstructured"
                                text="XPath (Deprecated)"
                                value="xpath"/>
                        </items>
                    </queryLanguage>
                    <pageSize
                        jcr:primaryType="nt:unstructured"
                        sling:resourceType="granite/ui/components/coral/foundation/form/numberfield"
                        defaultValue="20"
                        fieldLabel="Page Size"
                        name="./pageSize"
                        required="{Boolean}true"/>
                    <reportExecutor
                        jcr:primaryType="nt:unstructured"
                        sling:resourceType="granite/ui/components/foundation/form/hidden"
                        name="./reportExecutor"
                        value="com.adobe.acs.commons.reports.models.QueryReportExecutor"/>
                </items>
            </column>
        </items>
    </content>
</jcr:root>
