<?xml version="1.0" encoding="UTF-8"?>
<!--
  ~ ACS AEM Commons
  ~
  ~ Copyright (C) 2013 - 2023 Adobe
  ~
  ~ Licensed under the Apache License, Version 2.0 (the "License");
  ~ you may not use this file except in compliance with the License.
  ~ You may obtain a copy of the License at
  ~
  ~      http://www.apache.org/licenses/LICENSE-2.0
  ~
  ~ Unless required by applicable law or agreed to in writing, software
  ~ distributed under the License is distributed on an "AS IS" BASIS,
  ~ WITHOUT WARRANTIES OR CONDITIONS OF ANY KIND, either express or implied.
  ~ See the License for the specific language governing permissions and
  ~ limitations under the License.
  -->

<jcr:root xmlns:sling="http://sling.apache.org/jcr/sling/1.0" xmlns:cq="http://www.day.com/jcr/cq/1.0" xmlns:jcr="http://www.jcp.org/jcr/1.0" xmlns:nt="http://www.jcp.org/jcr/nt/1.0"
    jcr:primaryType="cq:Page">
    <jcr:content
        cq:lastModified="{Date}2013-06-03T21:40:35.072-04:00"
        cq:lastModifiedBy="admin"
        cq:template="/libs/wcm/core/templates/designpage"
        jcr:primaryType="cq:PageContent"
        jcr:title="ACS Commons"
        sling:resourceType="wcm/core/components/designer">
        <genericlist jcr:primaryType="nt:unstructured">
            <list
                jcr:lastModified="{Date}2013-06-03T21:40:35.070-04:00"
                jcr:lastModifiedBy="admin"
                jcr:primaryType="nt:unstructured"
                sling:resourceType="foundation/components/parsys"
                components="/apps/acs-commons/components/utilities/genericlist/item">
                <section jcr:primaryType="nt:unstructured"/>
            </list>
        </genericlist>
        <report-page jcr:primaryType="nt:unstructured">
            <config
                jcr:primaryType="nt:unstructured"
                sling:resourceType="foundation/components/parsys"
                components="group:ACS Commons - Report Builder Config">
                <section jcr:primaryType="nt:unstructured"/>
            </config>
            <columns
                jcr:primaryType="nt:unstructured"
                sling:resourceType="foundation/components/parsys"
                components="group:ACS Commons - Report Builder Column">
                <section jcr:primaryType="nt:unstructured"/>
            </columns>
            <parameters
                jcr:primaryType="nt:unstructured"
                sling:resourceType="foundation/components/parsys"
                components="group:ACS Commons - Report Builder Parameter">
                <section jcr:primaryType="nt:unstructured"/>
            </parameters>
        </report-page>
    </jcr:content>
</jcr:root>
