<?xml version="1.0" encoding="UTF-8"?>
<!--
  ~ ACS AEM Commons
  ~
  ~ Copyright (C) 2013 - 2023 Adobe
  ~
  ~ Licensed under the Apache License, Version 2.0 (the "License");
  ~ you may not use this file except in compliance with the License.
  ~ You may obtain a copy of the License at
  ~
  ~      http://www.apache.org/licenses/LICENSE-2.0
  ~
  ~ Unless required by applicable law or agreed to in writing, software
  ~ distributed under the License is distributed on an "AS IS" BASIS,
  ~ WITHOUT WARRANTIES OR CONDITIONS OF ANY KIND, either express or implied.
  ~ See the License for the specific language governing permissions and
  ~ limitations under the License.
  -->

<jcr:root xmlns:sling="http://sling.apache.org/jcr/sling/1.0" xmlns:cq="http://www.day.com/jcr/cq/1.0" xmlns:jcr="http://www.jcp.org/jcr/1.0" xmlns:nt="http://www.jcp.org/jcr/nt/1.0"
    jcr:primaryType="cq:Page">
    <jcr:content
        jcr:mixinTypes="[sling:VanityPath]"
        jcr:primaryType="nt:unstructured"
        jcr:title="Cloud Service Instances"
        sling:resourceType="granite/ui/components/shell/page"
        consoleId="acs-commons-cloudservice-console">
        <head jcr:primaryType="nt:unstructured">
            <clientlibs
                jcr:primaryType="nt:unstructured"
                sling:resourceType="granite/ui/components/coral/foundation/includeclientlibs"
                categories="[cq.common.wcm,acscommons.cloudconfig.clientlib]"/>
        </head>
        <actions
            jcr:primaryType="nt:unstructured"
            sling:resourceType="granite/ui/components/coral/foundation/actionbar">
            <secondary jcr:primaryType="nt:unstructured">
                <create_visible
                    jcr:primaryType="nt:unstructured"
                    sling:resourceType="granite/ui/components/coral/foundation/anchorbutton"
                    href="/apps/acs-commons/content/cloudservice/create.html${requestPathInfo.suffix}"
                    text="Create"
                    variant="primary"/>
            </secondary>
        </actions>
        <content
            jcr:primaryType="nt:unstructured"
            sling:resourceType="granite/ui/components/coral/foundation/container">
            <items jcr:primaryType="nt:unstructured">
                <cloudconfiglist
                    jcr:primaryType="nt:unstructured"
                    sling:resourceType="acs-commons/components/utilities/cloudconfig/cloudconfiglist"/>
            </items>
        </content>
        <title
            jcr:primaryType="nt:unstructured"
            sling:resourceType="granite/ui/components/coral/foundation/text"
            text="Cloud Configuration Instances"/>
    </jcr:content>
</jcr:root>
