<?xml version="1.0" encoding="UTF-8"?>
<!--
  ~ ACS AEM Commons
  ~
  ~ Copyright (C) 2013 - 2023 Adobe
  ~
  ~ Licensed under the Apache License, Version 2.0 (the "License");
  ~ you may not use this file except in compliance with the License.
  ~ You may obtain a copy of the License at
  ~
  ~      http://www.apache.org/licenses/LICENSE-2.0
  ~
  ~ Unless required by applicable law or agreed to in writing, software
  ~ distributed under the License is distributed on an "AS IS" BASIS,
  ~ WITHOUT WARRANTIES OR CONDITIONS OF ANY KIND, either express or implied.
  ~ See the License for the specific language governing permissions and
  ~ limitations under the License.
  -->

<jcr:root xmlns:sling="http://sling.apache.org/jcr/sling/1.0" xmlns:cq="http://www.day.com/jcr/cq/1.0" xmlns:jcr="http://www.jcp.org/jcr/1.0" xmlns:nt="http://www.jcp.org/jcr/nt/1.0"
	jcr:primaryType="nt:unstructured"
	jcr:title="Report Basic Parameter"
	sling:resourceType="cq/gui/components/authoring/dialog"
	helpPath="https://adobe-consulting-services.github.io/acs-aem-commons/features/reports">
	<content
		jcr:primaryType="nt:unstructured"
		sling:resourceType="granite/ui/components/foundation/container">
		<layout
			jcr:primaryType="nt:unstructured"
			sling:resourceType="granite/ui/components/foundation/layouts/fixedcolumns"/>
		<items jcr:primaryType="nt:unstructured">
			<column
				jcr:primaryType="nt:unstructured"
				sling:resourceType="granite/ui/components/foundation/container">
				<items jcr:primaryType="nt:unstructured">
					<fieldLabel
						jcr:primaryType="nt:unstructured"
						sling:resourceType="granite/ui/components/coral/foundation/form/textfield"
						fieldLabel="Label"
						name="./fieldLabel"
						required="{Boolean}true"/>
					<name
						jcr:primaryType="nt:unstructured"
						sling:resourceType="granite/ui/components/coral/foundation/form/textfield"
						fieldLabel="Name"
						name="./name"
						required="{Boolean}true"/>
					<required
						jcr:primaryType="nt:unstructured"
						sling:resourceType="granite/ui/components/coral/foundation/form/checkbox"
						deleteHint="{Boolean}true"
						fieldLabel="Required"
						name="./required"
						text="Required"
						value="{Boolean}true">
					</required>
					<resourceType
						jcr:primaryType="nt:unstructured"
						sling:resourceType="granite/ui/components/foundation/form/select"
						emptyText="Select Field Type"
						fieldLabel="Field Type"
						name="./resourceType">
						<datasource
							jcr:primaryType="nt:unstructured"
							sling:resourceType="acs-commons/components/utilities/genericlist/datasource"
							path="/etc/acs-commons/lists/report-parameter-components"/>
					</resourceType>
				</items>
			</column>
		</items>
	</content>
</jcr:root>
