<?xml version="1.0" encoding="UTF-8"?>
<!--
  ~ ACS AEM Commons
  ~
  ~ Copyright (C) 2013 - 2023 Adobe
  ~
  ~ Licensed under the Apache License, Version 2.0 (the "License");
  ~ you may not use this file except in compliance with the License.
  ~ You may obtain a copy of the License at
  ~
  ~      http://www.apache.org/licenses/LICENSE-2.0
  ~
  ~ Unless required by applicable law or agreed to in writing, software
  ~ distributed under the License is distributed on an "AS IS" BASIS,
  ~ WITHOUT WARRANTIES OR CONDITIONS OF ANY KIND, either express or implied.
  ~ See the License for the specific language governing permissions and
  ~ limitations under the License.
  -->

<jcr:root xmlns:sling="http://sling.apache.org/jcr/sling/1.0" xmlns:granite="http://www.adobe.com/jcr/granite/1.0" xmlns:cq="http://www.day.com/jcr/cq/1.0" xmlns:jcr="http://www.jcp.org/jcr/1.0" xmlns:nt="http://www.jcp.org/jcr/nt/1.0"
    jcr:primaryType="cq:Page">
    <jcr:content
        jcr:primaryType="nt:unstructured"
        jcr:title="ACS AEM Commons | Move Page"
        sling:resourceType="granite/ui/components/coral/foundation/page"
        consoleId="cq-sites-pages-move">
        <head jcr:primaryType="nt:unstructured">
            <viewport
                jcr:primaryType="nt:unstructured"
                sling:resourceType="granite/ui/components/coral/foundation/admin/page/viewport"/>
            <favicon
                jcr:primaryType="nt:unstructured"
                sling:resourceType="granite/ui/components/coral/foundation/page/favicon"/>
            <clientlibs
                jcr:primaryType="nt:unstructured"
                sling:resourceType="granite/ui/components/coral/foundation/includeclientlibs"
                categories="[coralui3,granite.ui.coral.foundation,cq.sites.movepagewizard,cq.sites.validations]"/>
        </head>
        <body
            jcr:primaryType="nt:unstructured"
            sling:resourceType="granite/ui/components/coral/foundation/page/body">
            <items jcr:primaryType="nt:unstructured">
                <form
                    granite:class="move-page-wizard"
                    granite:id="cq-siteadmin-admin-movepage-form"
                    jcr:primaryType="nt:unstructured"
                    sling:resourceType="granite/ui/components/coral/foundation/form"
                    foundationForm="{Boolean}true"
                    maximized="{Boolean}true"
                    method="post"
                    novalidate="{Boolean}true"
                    style="vertical">
                    <items jcr:primaryType="nt:unstructured">
                        <wizard
                            jcr:primaryType="nt:unstructured"
                            jcr:title="Move Page"
                            sling:resourceType="granite/ui/components/coral/foundation/wizard"
                            cancelHref="${empty header.Referer ? granite:concat(&quot;/acs-commons.html&quot;, granite:encodeURIPath(requestPathInfo.suffix)) : header.Referer}">
                            <items jcr:primaryType="nt:unstructured">
                                <renameStep
                                    granite:class="cq-siteadmin-admin-movepage-rename"
                                    jcr:primaryType="nt:unstructured"
                                    jcr:title="Rename"
                                    sling:resourceType="granite/ui/components/coral/foundation/container">
                                    <items jcr:primaryType="nt:unstructured">
                                        <init
                                            jcr:primaryType="nt:unstructured"
                                            sling:resourceType="cq/gui/components/siteadmin/admin/movepagewizard/init"
                                            consolePath="/acs-commons.html"/>
                                        <fixedColumns
                                            granite:rel="rename-container"
                                            jcr:primaryType="nt:unstructured"
                                            sling:resourceType="granite/ui/components/coral/foundation/fixedcolumns"
                                            margin="{Boolean}true"
                                            maximized="{Boolean}true">
                                            <items jcr:primaryType="nt:unstructured">
                                                <fixedColumn1
                                                    granite:id="references"
                                                    jcr:primaryType="nt:unstructured"
                                                    sling:resourceType="granite/ui/components/coral/foundation/container">
                                                    <items jcr:primaryType="nt:unstructured">
                                                        <thumbnail
                                                            jcr:primaryType="nt:unstructured"
                                                            sling:resourceType="cq/gui/components/coral/common/wcm/pagethumbnail"
                                                            page="${empty param.item ? requestPathInfo.suffix : param.item}"/>
                                                    </items>
                                                </fixedColumn1>
                                                <fixedColumn2
                                                    jcr:primaryType="nt:unstructured"
                                                    sling:resourceType="granite/ui/components/coral/foundation/container">
                                                    <items jcr:primaryType="nt:unstructured">
                                                        <rename
                                                            jcr:primaryType="nt:unstructured"
                                                            jcr:title="Rename"
                                                            sling:resourceType="granite/ui/components/coral/foundation/form/fieldset">
                                                            <items jcr:primaryType="nt:unstructured">
                                                                <title
                                                                    granite:rel="rename-item-title"
                                                                    jcr:primaryType="nt:unstructured"
                                                                    sling:resourceType="granite/ui/components/coral/foundation/form/textfield"
                                                                    fieldLabel="Page title after move"
                                                                    name="./jcr:content/jcr:title"
                                                                    required="true"/>
                                                                <name
                                                                    granite:rel="rename-item-name"
                                                                    jcr:primaryType="nt:unstructured"
                                                                    sling:resourceType="granite/ui/components/coral/foundation/form/textfield"
                                                                    fieldLabel="Page name after move"
                                                                    name="name"
                                                                    path="${empty param.item ? requestPathInfo.suffix : param.item}"
                                                                    required="true"
                                                                    validation="admin.pagename"/>
                                                                <sourcepath
                                                                    granite:rel="rename-item-name-path_0"
                                                                    jcr:primaryType="nt:unstructured"
                                                                    sling:resourceType="granite/ui/components/coral/foundation/form/hidden"
                                                                    value="${empty param.item ? requestPathInfo.suffix : param.item}"/>
                                                            </items>
                                                        </rename>
                                                        <information
                                                            granite:rel="info-details"
                                                            jcr:primaryType="nt:unstructured"
                                                            jcr:title="Information"
                                                            sling:resourceType="granite/ui/components/coral/foundation/form/fieldset">
                                                            <items jcr:primaryType="nt:unstructured">
                                                                <infocontainer
                                                                    granite:class="info-details"
                                                                    jcr:primaryType="nt:unstructured"
                                                                    sling:resourceType="granite/ui/components/coral/foundation/fixedcolumns">
                                                                    <items jcr:primaryType="nt:unstructured">
                                                                        <labels
                                                                            jcr:primaryType="nt:unstructured"
                                                                            sling:resourceType="granite/ui/components/coral/foundation/container">
                                                                            <items jcr:primaryType="nt:unstructured">
                                                                                <refpages
                                                                                    jcr:primaryType="nt:unstructured"
                                                                                    sling:resourceType="granite/ui/components/coral/foundation/form/field"
                                                                                    fieldLabel="Referencing pages"
                                                                                    renderReadOnly="{Boolean}true"/>
                                                                                <createdon
                                                                                    jcr:primaryType="nt:unstructured"
                                                                                    sling:resourceType="granite/ui/components/coral/foundation/form/field"
                                                                                    fieldLabel="Created on"
                                                                                    renderReadOnly="{Boolean}true"/>
                                                                                <createdby
                                                                                    jcr:primaryType="nt:unstructured"
                                                                                    sling:resourceType="granite/ui/components/coral/foundation/form/field"
                                                                                    fieldLabel="Created by"
                                                                                    renderReadOnly="{Boolean}true"/>
                                                                                <path
                                                                                    jcr:primaryType="nt:unstructured"
                                                                                    sling:resourceType="granite/ui/components/coral/foundation/form/field"
                                                                                    fieldLabel="Path"
                                                                                    renderReadOnly="{Boolean}true"/>
                                                                            </items>
                                                                        </labels>
                                                                        <values
                                                                            jcr:primaryType="nt:unstructured"
                                                                            sling:resourceType="granite/ui/components/coral/foundation/container">
                                                                            <items jcr:primaryType="nt:unstructured">
                                                                                <infovalues
                                                                                    jcr:primaryType="nt:unstructured"
                                                                                    sling:resourceType="cq/gui/components/siteadmin/admin/movepagewizard/infodetails"/>
                                                                            </items>
                                                                        </values>
                                                                    </items>
                                                                </infocontainer>
                                                            </items>
                                                        </information>
                                                    </items>
                                                </fixedColumn2>
                                            </items>
                                        </fixedColumns>
                                    </items>
                                    <parentConfig jcr:primaryType="nt:unstructured">
                                        <next
                                            granite:class="foundation-wizard-control"
                                            jcr:primaryType="nt:unstructured"
                                            sling:resourceType="granite/ui/components/coral/foundation/button"
                                            text="Next"
                                            variant="primary">
                                            <granite:data
                                                jcr:primaryType="nt:unstructured"
                                                foundation-wizard-control-action="next"/>
                                        </next>
                                    </parentConfig>
                                </renameStep>
                                <destinationStep
                                    granite:rel="cq-siteadmin-admin-movepage-select-destination"
                                    jcr:primaryType="nt:unstructured"
                                    jcr:title="Select Destination"
                                    sling:resourceType="granite/ui/components/coral/foundation/wizard/lazycontainer"
                                    maximized="{Boolean}true"
                                    src="/mnt/overlay/acs-commons/console/movepagewizard/destination.html${granite:relativeParent(empty param.item ? requestPathInfo.suffix : param.item, 1)}">
                                    <parentConfig jcr:primaryType="nt:unstructured">
                                        <next
                                            granite:class="foundation-wizard-control"
                                            jcr:primaryType="nt:unstructured"
                                            sling:resourceType="granite/ui/components/coral/foundation/button"
                                            disabled="{Boolean}true"
                                            text="Next"
                                            variant="primary">
                                            <granite:data
                                                jcr:primaryType="nt:unstructured"
                                                foundation-wizard-control-action="next"/>
                                        </next>
                                    </parentConfig>
                                </destinationStep>
                                <referencesStep
                                    granite:class="cq-siteadmin-admin-movepage-references"
                                    jcr:primaryType="nt:unstructured"
                                    jcr:title="Adjust / Republish"
                                    sling:resourceType="granite/ui/components/coral/foundation/container">
                                    <items jcr:primaryType="nt:unstructured">
                                        <references
                                            granite:rel="cq-siteadmin-admin-movepage-references"
                                            jcr:primaryType="nt:unstructured"
                                            sling:resourceType="cq/gui/components/siteadmin/admin/movepagewizard/references"
                                            maxreferences="{Long}150"
                                            title="Adjust References"
                                            wizardpagecallback="references"/>
                                    </items>
                                    <parentConfig jcr:primaryType="nt:unstructured">
                                        <next
                                            granite:class="foundation-wizard-control"
                                            jcr:primaryType="nt:unstructured"
                                            sling:resourceType="granite/ui/components/coral/foundation/button"
                                            text="Move"
                                            type="submit"
                                            variant="primary">
                                            <granite:data
                                                jcr:primaryType="nt:unstructured"
                                                foundation-wizard-control-action="next"/>
                                        </next>
                                    </parentConfig>
                                </referencesStep>
                            </items>
                        </wizard>
                    </items>
                </form>
                <scheduledialog
                    granite:id="aem-page-move-schedule-dialog"
                    jcr:primaryType="nt:unstructured"
                    jcr:title="Move Page"
                    sling:resourceType="granite/ui/components/coral/foundation/dialog"
                    closable="{Boolean}false">
                    <items jcr:primaryType="nt:unstructured">
                        <radiogroup
                            granite:class="schedule-move-options"
                            jcr:primaryType="nt:unstructured"
                            sling:resourceType="granite/ui/components/coral/foundation/form/radiogroup"
                            name="reportSchedule"
                            required="{Boolean}true"
                            vertical="{Boolean}true">
                            <items jcr:primaryType="nt:unstructured">
                                <scheduleNow
                                    granite:class="schedule-move-options-now"
                                    jcr:primaryType="nt:unstructured"
                                    jcr:title="Now"
                                    checked="{Boolean}true"
                                    text="Now"
                                    value="now"/>
                                <scheduleLater
                                    granite:class="schedule-move-options-later"
                                    jcr:primaryType="nt:unstructured"
                                    jcr:title="Later"
                                    text="Later"
                                    value="later"/>
                            </items>
                        </radiogroup>
                        <activationDate
                            granite:rel="schedule-move-datepicker"
                            jcr:primaryType="nt:unstructured"
                            sling:resourceType="granite/ui/components/coral/foundation/form/datepicker"
                            displayedFormat="&#x9;&#xa;YYYY-MM-DD HH:mm"
                            displayTimezoneMessage="{Boolean}true"
                            emptyText="Select Date &amp; Time"
                            minDate="today"
                            name="scheduleDate"
                            type="datetime"/>
                    </items>
                    <footer jcr:primaryType="nt:unstructured">
                        <cancel
                            granite:class="schedule-move-cancel"
                            jcr:primaryType="nt:unstructured"
                            sling:resourceType="granite/ui/components/coral/foundation/button"
                            text="Cancel">
                            <parentConfig
                                jcr:primaryType="nt:unstructured"
                                close="{Boolean}true"/>
                        </cancel>
                        <done
                            granite:class="schedule-move-done"
                            jcr:primaryType="nt:unstructured"
                            sling:resourceType="granite/ui/components/coral/foundation/button"
                            text="Continue"
                            variant="primary">
                            <parentConfig
                                jcr:primaryType="nt:unstructured"
                                close="{Boolean}true"/>
                        </done>
                    </footer>
                </scheduledialog>
            </items>
        </body>
    </jcr:content>
    <destination
        granite:rel="cq-siteadmin-admin-movepage-destination-container"
        jcr:primaryType="nt:unstructured"
        sling:resourceType="granite/ui/components/coral/foundation/form/advancedselect"
        maximized="{Boolean}true"
        name="destPath">
        <field
            jcr:primaryType="nt:unstructured"
            sling:resourceType="granite/ui/components/coral/foundation/columnview"
            itemprop="item"
            itemResourceType="cq/gui/components/coral/admin/page/simplecolumnitem"
            layoutId="columns"
            limit="{Long}40"
            loadAncestors="{Boolean}true"
            path="${requestPathInfo.suffix}"
            previewSrc="/libs/wcm/core/content/sites/pagecolumnpreview.html{+id}"
            rootPath="/etc/acs-commons"
            selectionCount="single"
            size="{Long}5"
            src="/mnt/overlay/acs-commons/console/movepagewizard/destination/field{.offset,limit}.html{+id}">
            <datasource
                jcr:primaryType="nt:unstructured"
                sling:resourceType="cq/gui/components/common/wcm/datasources/childpages"
                exclude="/etc/acs-commons/(lists)(/.*)*"
                limit="${empty requestPathInfo.selectors[1] ? &quot;41&quot; : requestPathInfo.selectors[1] + 1}"
                offset="${requestPathInfo.selectors[0]}"
                path="${requestPathInfo.suffix}"/>
        </field>
    </destination>
</jcr:root>
