<?xml version="1.0" encoding="UTF-8"?>
<!--
  ~ ACS AEM Commons
  ~
  ~ Copyright (C) 2013 - 2023 Adobe
  ~
  ~ Licensed under the Apache License, Version 2.0 (the "License");
  ~ you may not use this file except in compliance with the License.
  ~ You may obtain a copy of the License at
  ~
  ~      http://www.apache.org/licenses/LICENSE-2.0
  ~
  ~ Unless required by applicable law or agreed to in writing, software
  ~ distributed under the License is distributed on an "AS IS" BASIS,
  ~ WITHOUT WARRANTIES OR CONDITIONS OF ANY KIND, either express or implied.
  ~ See the License for the specific language governing permissions and
  ~ limitations under the License.
  -->

<jcr:root xmlns:sling="http://sling.apache.org/jcr/sling/1.0" xmlns:jcr="http://www.jcp.org/jcr/1.0"
          jcr:primaryType="sling:OrderedFolder"
          jcr:title="ACS AEM Commons"
          id="acs-commons">

    <generic-lists/>
    <redirect-manager/>
    <reports/>
    <exporters/>

    <manage-controlled-processes/>
    <bulk-workflow-manager/>

    <content-packagers/>
    <automatic-package-replication/>
    <version-replicator/>

    <audit-log-search/>
    <sort-nodes/>
    <system-notifications/>


    <dispatcher-flush/>
    <redirect-maps/>

    <version-compare/>
    <page-compare/>
    <jcr-compare/>
    
    <dynamic-deck-dynamo/>
    <qr-code/>

</jcr:root>
